t;CO
2025-08-24;0.0355865694582462
2025-08-25;0.0283108856528997
2025-08-26;0.0284888458748658
2025-08-27;0.0286668060968319
2025-08-28;0.028844766318798
2025-08-29;0.0221068207174539
2025-08-30;0.0264819487929344
2025-08-31;0.0243241377174854
2025-09-01;0.0221663266420364
2025-09-02;0.022402687619129766
2025-09-03;0.022639048596223135
2025-09-04;0.0228754095733165
2025-09-05;0.0353527888655662
2025-09-06;0.0355266630649565
2025-09-07;0.035700537264347
2025-09-08;0.0288745369762181
2025-09-09;0.0220485366880893
2025-09-10;0.0247920062392949
2025-09-11;0.0275354757905005
2025-09-12;0.0302789453417062
2025-09-13;0.0275306347757577
2025-09-14;0.0280575230717659
2025-09-15;0.0303043983876705
2025-09-16;0.0284214648418128
2025-09-17;0.0265385312959551
2025-09-18;0.0246555977500974
2025-09-19;0.0227726642042398
2025-09-20;0.029209166765213
2025-09-21;0.0351220108568668
2025-09-22;0.0287753157317638
2025-09-23;0.0311854402534663
2025-09-24;0.0335955647751688
2025-09-25;0.0287411902099847
2025-09-26;0.0312144542112946
2025-09-27;0.0336877182126045
2025-09-28;0.0315377227962017
2025-09-29;0.0310576036572456
2025-09-30;0.0317676486447453
2025-10-01;0.032477693632245
2025-10-02;0.0331877386197447
2025-10-03;0.0338977836072444
2025-10-04;0.031473021954298
2025-10-05;0.030544189736247
2025-10-06;0.0261550713330507
2025-10-07;0.0289383195340633
2025-10-08;0.0317215677350759
2025-10-09;0.0345048159360885
2025-10-10;0.0342204309999942
2025-10-11;0.0310375411063432
2025-10-12;0.0278546512126922
2025-10-13;0.0286197997629642
2025-10-14;0.0293849483132362
2025-10-15;0.0280566532164812
2025-10-16;0.0331726185977458
2025-10-17;0.0275139547884464
2025-10-18;0.0281793599327404
2025-10-19;0.0288447650770346
2025-10-20;0.0295101702213286
2025-10-21;0.0301755753656228
2025-10-22;0.0308409805099168
2025-10-23;0.0315063856542109
2025-10-24;0.0321717907985051
2025-10-25;0.0328371959427992
2025-10-26;0.0335026010870933
2025-10-27;0.032362587749958
2025-10-28;0.0312225744128227
2025-10-29;0.0308811422437429
2025-10-30;0.0305397100746631
2025-10-31;0.0301982779055833
2025-11-01;0.0298568457365035
2025-11-02;0.0295154135674237
2025-11-03;0.0291739813983439
2025-11-04;0.0288325492292641
2025-11-05;0.0284911170601843
2025-11-06;0.0281496848911046
2025-11-07;0.0208542514592409
2025-11-08;0.0216584956506267
2025-11-09;0.0224627398420125
2025-11-10;0.0232669840333983
2025-11-11;0.0240712282247841
2025-11-12;0.0248754724161699
2025-11-13;0.0256797166075557
2025-11-14;0.0264839607989415
2025-11-15;0.0272882049903273
2025-11-16;0.0280924491817131
2025-11-17;0.0288966933730989
2025-11-18;0.0297009375644847
2025-11-19;0.0305051817558705
2025-11-20;0.0313094259472563
2025-11-21;0.0321136701386421
2025-11-22;0.032917914330028
2025-11-23;0.0337221585214138
2025-11-24;0.0322155176351467
2025-11-25;0.0307088767488797
2025-11-26;0.0292022358626127
2025-11-27;0.0259105423465371
2025-11-28;0.0226188488304615
2025-11-29;0.0242667816579341
2025-11-30;0.0259147144854068
2025-12-01;0.0275626473128795
2025-12-02;0.0292105801403522
2025-12-03;0.0308585129678249
2025-12-04;0.0295659946277737
2025-12-05;0.0282734762877225
2025-12-06;0.0298899874091147
2025-12-07;0.031506498530507
2025-12-08;0.0331230096518992
2025-12-09;0.0347395207732915
2025-12-10;0.0363560318946838
2025-12-11;0.0283505152910947
2025-12-12;0.0287227313965559
2025-12-13;0.0288863163441419
2025-12-14;0.0290499012917279
2025-12-15;0.029213486239314
2025-12-16;0.0285698464140295
2025-12-17;0.0279262065887451
2025-12-18;0.0268564783036708
2025-12-19;0.0257867500185966
2025-12-20;0.0247170217335223
2025-12-21;0.0236472934484481
2025-12-22;0.0241948645561933
2025-12-23;0.0279633775353431
2025-12-24;0.0278636831790208
2025-12-25;0.0277639888226985
2025-12-26;0.0279387664049862
2025-12-27;0.0281135439872741
2025-12-28;0.0282883215695619
2025-12-29;0.0284630991518497
2025-12-30;0.028539653494954
2025-12-31;0.0286162078380584
2026-01-01;0.0286927621811627
2026-01-02;0.0287693165242671
2026-01-03;0.0288458708673715
2026-01-04;0.0253135468810796
2026-01-05;0.0245415966957806
2026-01-06;0.0237696465104817
2026-01-07;0.0229976963251828
2026-01-08;0.0222257461398839
2026-01-09;0.021453795954585
2026-01-10;0.0215555302798747
2026-01-11;0.0216572646051644
2026-01-12;0.0217589989304542
2026-01-13;0.0218607332557439
2026-01-14;0.0219624675810337
2026-01-15;0.0237461857497692
2026-01-16;0.0255299039185047
2026-01-17;0.0273136220872402
2026-01-18;0.0290973402559757
2026-01-19;0.0308810584247112
2026-01-20;0.0279556112363934
2026-01-21;0.0250301640480756
2026-01-22;0.027055305118362
2026-01-23;0.0290804461886484
2026-01-24;0.0311055872589349
2026-01-25;0.0242997277528047
2026-01-26;0.0289463298395275
2026-01-27;0.0335929319262504
2026-01-28;0.0328514408320188
2026-01-29;0.0321099497377872
2026-01-30;0.0343326292932033
2026-01-31;0.0295781064778566
2026-02-01;0.0305993864312767
2026-02-02;0.0316206663846969
2026-02-03;0.0304219089448452
2026-02-04;0.0274453815072774
2026-02-05;0.0295470012351869
2026-02-06;0.0316486209630966
2026-02-07;0.0312120044603943
2026-02-08;0.0307753879576921
2026-02-09;0.0303387714549898
2026-02-10;0.0299021549522876
2026-02-11;0.0294655384495854
2026-02-12;0.0290289219468831
2026-02-13;0.0285923054441809
2026-02-14;0.0281556889414786
2026-02-15;0.0277190724387764
2026-02-16;0.0272824559360742
2026-02-17;0.0312426872551441
2026-02-18;0.030402555828914
2026-02-19;0.0295624244026839
2026-02-20;0.0287222929764538
2026-02-21;0.0278821615502238
2026-02-22;0.0270420301239937
2026-02-23;0.0262018986977636
2026-02-24;0.0253617672715335
2026-02-25;0.0245216358453035
2026-02-26;0.0223567783832549
2026-02-27;0.0201919209212064
2026-02-28;0.0268766358494758
2026-03-01;0.0273726690560578
2026-03-02;0.0278687022626399
2026-03-03;0.028364735469222
2026-03-04;0.0288607686758041
2026-03-05;0.0293568018823862
2026-03-06;0.0291367943088213
2026-03-07;0.0289167867352564
2026-03-08;0.0286967791616916
2026-03-09;0.0291506890207528
2026-03-10;0.0296045988798141
2026-03-11;0.0274680191650985
2026-03-12;0.0253314394503831
2026-03-13;0.0265001161023973
2026-03-14;0.0276687927544116
2026-03-15;0.0306531265377998
2026-03-16;0.0270441584289073
2026-03-17;0.0304220523685216
2026-03-18;0.0231276787817478
2026-03-19;0.0248998366296291
2026-03-20;0.0266719944775104
2026-03-21;0.0284441523253917
2026-03-22;0.030216310173273
2026-03-23;0.0319884680211544
2026-03-24;0.0282688727602362
2026-03-25;0.0245492774993181
2026-03-26;0.0272653009742498
2026-03-27;0.0280134044587612
2026-03-28;0.0298994481563568
2026-03-29;0.0317854918539524
2026-03-30;0.0310131919880708
2026-03-31;0.0302408921221891
2026-04-01;0.0294685922563076
2026-04-02;0.031113788485527
2026-04-03;0.0257707498967647
2026-04-04;0.02587257232517
2026-04-05;0.0259743947535753
2026-04-06;0.0272632790729403
2026-04-07;0.0285521633923053
2026-04-08;0.0298410477116703
2026-04-09;0.0311299320310353
2026-04-10;0.0324188163504003
2026-04-11;0.0337077006697654
2026-04-12;0.029726262204349
2026-04-13;0.0257448237389326
2026-04-14;0.0263851638883352
2026-04-15;0.0270255040377378
2026-04-16;0.0254168715327978
2026-04-17;0.0321920290589332
2026-04-18;0.0303553249686956
2026-04-19;0.030560603365302
2026-04-20;0.0320620061829685
2026-04-21;0.0335634090006351
2026-04-22;0.0325967101380228
2026-04-23;0.0316300112754106
2026-04-24;0.0306633124127983
2026-04-25;0.0296966135501861
2026-04-26;0.0234116483479738
2026-04-27;0.0244539625942706
2026-04-28;0.0254962768405675
2026-04-29;0.0265385910868644
2026-04-30;0.0275809053331613
2026-05-01;0.0286232195794582
2026-05-02;0.0239251498132944
2026-05-03;0.0289253648370504
2026-05-04;0.0287329126149415
2026-05-05;0.0285404603928327
2026-05-06;0.0277673136442899
2026-05-07;0.0229042246937751
2026-05-08;0.0254768542945384
2026-05-09;0.03012784011662
2026-05-10;0.0347788259387016
2026-05-11;0.0247327331453561
2026-05-12;0.0215123072266578
2026-05-13;0.0285713244229555
2026-05-14;0.0297079868614673
2026-05-15;0.0308446492999792
2026-05-16;0.0286351488903164
2026-05-17;0.0264256484806537
2026-05-18;0.0281163081526756
2026-05-19;0.0317700132727623
2026-05-20;0.0292251659557222
2026-05-21;0.0266803186386823
2026-05-22;0.0339333042502403
2026-05-23;0.0231615379452705
2026-05-24;0.0279546901583671
2026-05-25;0.0335911326110363
2026-05-26;0.0351927280426025
2026-05-27;0.0283524002879858
2026-05-28;0.0312165096402168
2026-05-29;0.032563671469688346
2026-05-30;0.0339108332991599
2026-05-31;0.0293705575168132
2026-06-01;0.0288586821407079
2026-06-02;0.0236550159752368
2026-06-03;0.0324432030320167
2026-06-04;0.0301080737262964
2026-06-05;0.0268806088715791
2026-06-06;0.0280130710452795
2026-06-07;0.0274851378053426
2026-06-08;0.0236786026507616
2026-06-09;0.0279433410614728
2026-06-10;0.035276148468256
2026-06-11;0.0311238635331392
2026-06-12;0.0270111542195081
2026-06-13;0.0228984449058771
2026-06-14;0.0280462056398391
2026-06-15;0.0249055605381727
2026-06-16;0.0266866544261574
2026-06-17;0.0284677483141422
2026-06-18;0.0220419932156801
2026-06-19;0.0301312338560819
2026-06-20;0.0294597664227087
2026-06-21;0.0287882989893356
2026-06-22;0.0281168315559625
2026-06-23;0.0310248304158449
2026-06-24;0.0239586047828197
2026-06-25;0.0248356871306896
2026-06-26;0.0278357435017824
2026-06-27;0.030836347490549
2026-06-28;0.0276371799409389
2026-06-29;0.0237267669290304
2026-06-30;0.0272062942385673
2026-07-01;0.0272383466362953
2026-07-02;0.0290097799152135
2026-07-03;0.0294305700808763
2026-07-04;0.0201091710478067
2026-07-05;0.0252877995371818
2026-07-06;0.0331513881683349
2026-07-07;0.0341603904962539
2026-07-08;0.0351693928241729
2026-07-09;0.02960916608572
2026-07-10;0.0224975124001503
2026-07-11;0.0267836079001426
2026-07-12;0.031069703400135
2026-07-13;0.0337573923170566
2026-07-14;0.0256303530186414
2026-07-15;0.0217555202543735
2026-07-16;0.0260938666760921
2026-07-17;0.0249266382306814
2026-07-18;0.0304533690214157
2026-07-19;0.0322998575866222
2026-07-20;0.0282939430326223
2026-07-21;0.0348458550870418
2026-07-22;0.0368634387850761
2026-07-23;0.0360813476145267
2026-07-24;0.0352992564439773
2026-07-25;0.0282392371445894
2026-07-26;0.0229825489223003
2026-07-27;0.0262229815125465
2026-07-28;0.0294634141027926
2026-07-29;0.0327038466930389
2026-07-30;0.0303702764213084
2026-07-31;0.028036706149578
2026-08-01;0.0302318781614303
2026-08-02;0.0279906075447797
2026-08-03;0.0257493369281291
2026-08-04;0.0348938889801502
2026-08-05;0.0264655947685241
2026-08-06;0.0236696228384971
2026-08-07;0.0353228822350502
2026-08-08;0.0333601552993059
2026-08-09;0.0313974283635616
2026-08-10;0.03386596404016015
2026-08-11;0.0363344997167587
2026-08-12;0.0213160328567028
2026-08-13;0.0291277877986431
2026-08-14;0.0315770888701081
2026-08-15;0.0340263899415731
2026-08-16;0.0288511924445629
2026-08-17;0.0267818253487348
2026-08-18;0.0279753515496849
2026-08-19;0.0291688777506351
2026-08-20;0.0277531845495104
2026-08-21;0.0263374913483858
2026-08-22;0.0284318178892135
2026-08-23;0.0284318178892135
