t;CH4
2025-08-24;1866.9864501953125
2025-08-25;1866.9864501953125
2025-08-26;1866.9864501953125
2025-08-27;1866.9864501953125
2025-08-28;1866.9864501953125
2025-08-29;1866.9864501953125
2025-08-30;1866.9864501953125
2025-08-31;1866.9864501953125
2025-09-01;1866.9864501953125
2025-09-02;1866.9864501953125
2025-09-03;1866.9864501953125
2025-09-04;1866.9864501953125
2025-09-05;1870.0587022569443
2025-09-06;1873.1309543185764
2025-09-07;1876.2032063802085
2025-09-08;1879.2754584418403
2025-09-09;1882.347710503472
2025-09-10;1885.419962565104
2025-09-11;1888.492214626736
2025-09-12;1891.564466688368
2025-09-13;1894.63671875
2025-09-14;1894.8639503761572
2025-09-15;1895.0911820023148
2025-09-16;1895.318413628472
2025-09-17;1895.5456452546296
2025-09-18;1895.772876880787
2025-09-19;1896.0001085069443
2025-09-20;1896.227340133102
2025-09-21;1896.4545717592596
2025-09-22;1896.6818033854167
2025-09-23;1896.909035011574
2025-09-24;1897.1362666377315
2025-09-25;1897.363498263889
2025-09-26;1897.5907298900463
2025-09-27;1897.817961516204
2025-09-28;1898.045193142361
2025-09-29;1898.2724247685185
2025-09-30;1898.499656394676
2025-10-01;1898.7268880208333
2025-10-02;1898.9541196469904
2025-10-03;1899.181351273148
2025-10-04;1899.4085828993057
2025-10-05;1899.635814525463
2025-10-06;1899.8630461516204
2025-10-07;1900.0902777777776
2025-10-08;1900.3175094039352
2025-10-09;1900.5447410300928
2025-10-10;1900.77197265625
2025-10-11;1900.6590326218377
2025-10-12;1900.5460925874256
2025-10-13;1900.433152553013
2025-10-14;1900.3202125186008
2025-10-15;1900.207272484189
2025-10-16;1900.0943324497769
2025-10-17;1899.9813924153648
2025-10-18;1899.8684523809525
2025-10-19;1899.75551234654
2025-10-20;1899.642572312128
2025-10-21;1899.529632277716
2025-10-22;1899.4166922433035
2025-10-23;1899.3037522088916
2025-10-24;1899.190812174479
2025-10-25;1899.077872140067
2025-10-26;1898.9649321056547
2025-10-27;1898.8519920712424
2025-10-28;1898.7390520368303
2025-10-29;1898.6261120024185
2025-10-30;1898.513171968006
2025-10-31;1898.4002319335937
2025-11-01;1898.2872918991816
2025-11-02;1898.1743518647693
2025-11-03;1898.0614118303567
2025-11-04;1897.948471795945
2025-11-05;1897.8355317615328
2025-11-06;1897.7225917271203
2025-11-07;1897.6096516927084
2025-11-08;1897.496711658296
2025-11-09;1897.383771623884
2025-11-10;1897.270831589472
2025-11-11;1897.1578915550597
2025-11-12;1897.0449515206476
2025-11-13;1896.932011486235
2025-11-14;1896.819071451823
2025-11-15;1896.7061314174107
2025-11-16;1896.5931913829984
2025-11-17;1896.4802513485863
2025-11-18;1896.367311314174
2025-11-19;1896.254371279762
2025-11-20;1896.1414312453496
2025-11-21;1896.028491210937
2025-11-22;1895.9155511765248
2025-11-23;1895.8026111421127
2025-11-24;1895.6896711077009
2025-11-25;1895.5767310732888
2025-11-26;1895.4637910388765
2025-11-27;1895.350851004464
2025-11-28;1895.237910970052
2025-11-29;1895.12497093564
2025-11-30;1895.012030901228
2025-12-01;1894.8990908668156
2025-12-02;1894.7861508324036
2025-12-03;1894.673210797991
2025-12-04;1894.560270763579
2025-12-05;1894.4473307291669
2025-12-06;1894.3343906947543
2025-12-07;1894.2214506603425
2025-12-08;1894.10851062593
2025-12-09;1893.995570591518
2025-12-10;1893.8826305571056
2025-12-11;1893.7696905226933
2025-12-12;1893.6567504882807
2025-12-13;1893.543810453869
2025-12-14;1893.4308704194568
2025-12-15;1893.3179303850447
2025-12-16;1893.2049903506324
2025-12-17;1893.09205031622
2025-12-18;1892.979110281808
2025-12-19;1892.866170247396
2025-12-20;1892.753230212984
2025-12-21;1892.6402901785716
2025-12-22;1892.5273501441595
2025-12-23;1892.414410109747
2025-12-24;1892.301470075335
2025-12-25;1892.1885300409224
2025-12-26;1892.0755900065103
2025-12-27;1891.9626499720985
2025-12-28;1891.849709937686
2025-12-29;1891.7367699032736
2025-12-30;1891.623829868861
2025-12-31;1891.5108898344492
2026-01-01;1891.3979498000367
2026-01-02;1891.285009765625
2026-01-03;1891.1720697312128
2026-01-04;1891.0591296968005
2026-01-05;1890.9461896623884
2026-01-06;1890.833249627976
2026-01-07;1890.720309593564
2026-01-08;1890.607369559152
2026-01-09;1890.49442952474
2026-01-10;1890.3814894903276
2026-01-11;1890.2685494559155
2026-01-12;1890.155609421503
2026-01-13;1890.0426693870909
2026-01-14;1889.9297293526784
2026-01-15;1889.8167893182665
2026-01-16;1889.7038492838544
2026-01-17;1889.590909249442
2026-01-18;1889.4779692150296
2026-01-19;1889.3650291806173
2026-01-20;1889.2520891462052
2026-01-21;1889.139149111793
2026-01-22;1889.026209077381
2026-01-23;1888.9132690429688
2026-01-24;1888.8003290085564
2026-01-25;1888.6873889741444
2026-01-26;1888.574448939732
2026-01-27;1888.46150890532
2026-01-28;1888.348568870908
2026-01-29;1888.235628836496
2026-01-30;1888.1226888020835
2026-01-31;1888.0097487676712
2026-02-01;1887.896808733259
2026-02-02;1887.7838686988464
2026-02-03;1887.6709286644343
2026-02-04;1887.5579886300225
2026-02-05;1887.4450485956104
2026-02-06;1887.3321085611976
2026-02-07;1887.2191685267856
2026-02-08;1887.1062284923732
2026-02-09;1886.9932884579612
2026-02-10;1886.880348423549
2026-02-11;1886.767408389137
2026-02-12;1886.6544683547247
2026-02-13;1886.5415283203124
2026-02-14;1886.4285882859003
2026-02-15;1886.315648251488
2026-02-16;1886.202708217076
2026-02-17;1886.089768182664
2026-02-18;1885.976828148252
2026-02-19;1885.8638881138395
2026-02-20;1885.7509480794272
2026-02-21;1885.6380080450149
2026-02-22;1885.5250680106024
2026-02-23;1885.4121279761905
2026-02-24;1885.2991879417784
2026-02-25;1885.186247907366
2026-02-26;1885.0733078729536
2026-02-27;1884.9603678385415
2026-02-28;1884.8474278041292
2026-03-01;1884.7344877697171
2026-03-02;1884.621547735305
2026-03-03;1884.5086077008928
2026-03-04;1884.395667666481
2026-03-05;1884.2827276320684
2026-03-06;1884.1697875976563
2026-03-07;1884.056847563244
2026-03-08;1883.943907528832
2026-03-09;1883.83096749442
2026-03-10;1883.7180274600075
2026-03-11;1883.6050874255952
2026-03-12;1883.492147391183
2026-03-13;1883.3792073567708
2026-03-14;1883.2662673223583
2026-03-15;1883.1533272879465
2026-03-16;1883.0403872535344
2026-03-17;1882.927447219122
2026-03-18;1882.8145071847096
2026-03-19;1882.7015671502977
2026-03-20;1882.5886271158852
2026-03-21;1882.475687081473
2026-03-22;1882.362747047061
2026-03-23;1882.2498070126487
2026-03-24;1882.1368669782369
2026-03-25;1882.0239269438243
2026-03-26;1881.9109869094125
2026-03-27;1881.798046875
2026-03-28;1881.685106840588
2026-03-29;1881.572166806176
2026-03-30;1881.4592267717635
2026-03-31;1881.3462867373512
2026-04-01;1881.233346702939
2026-04-02;1881.1204066685268
2026-04-03;1881.0074666341145
2026-04-04;1880.8945265997024
2026-04-05;1880.78158656529
2026-04-06;1880.668646530878
2026-04-07;1880.5557064964655
2026-04-08;1880.4427664620537
2026-04-09;1880.3298264276411
2026-04-10;1880.216886393229
2026-04-11;1880.103946358817
2026-04-12;1879.991006324405
2026-04-13;1879.8780662899928
2026-04-14;1879.7651262555803
2026-04-15;1879.652186221168
2026-04-16;1879.539246186756
2026-04-17;1879.426306152344
2026-04-18;1879.3133661179315
2026-04-19;1879.2004260835192
2026-04-20;1879.0874860491072
2026-04-21;1878.9745460146949
2026-04-22;1878.8616059802828
2026-04-23;1878.7486659458705
2026-04-24;1878.6357259114584
2026-04-25;1878.522785877046
2026-04-26;1878.409845842634
2026-04-27;1878.2969058082217
2026-04-28;1878.1839657738096
2026-04-29;1878.071025739397
2026-04-30;1877.958085704985
2026-05-01;1877.845145670573
2026-05-02;1877.7322056361609
2026-05-03;1877.6192656017488
2026-05-04;1877.5063255673365
2026-05-05;1877.393385532924
2026-05-06;1877.280445498512
2026-05-07;1877.1675054641
2026-05-08;1877.0545654296875
2026-05-09;1890.3491617838545
2026-05-10;1903.6437581380208
2026-05-11;1916.9383544921875
2026-05-12;1880.218505859375
2026-05-13;1881.208720703125
2026-05-14;1882.198935546875
2026-05-15;1883.189150390625
2026-05-16;1884.179365234375
2026-05-17;1885.169580078125
2026-05-18;1886.159794921875
2026-05-19;1887.150009765625
2026-05-20;1888.140224609375
2026-05-21;1889.130439453125
2026-05-22;1890.120654296875
2026-05-23;1891.110869140625
2026-05-24;1892.101083984375
2026-05-25;1893.091298828125
2026-05-26;1894.081513671875
2026-05-27;1895.071728515625
2026-05-28;1896.061943359375
2026-05-29;1897.052158203125
2026-05-30;1898.042373046875
2026-05-31;1899.032587890625
2026-06-01;1900.022802734375
2026-06-02;1901.013017578125
2026-06-03;1902.003232421875
2026-06-04;1902.993447265625
2026-06-05;1903.983662109375
2026-06-06;1904.973876953125
2026-06-07;1887.983642578125
2026-06-08;1905.94580078125
2026-06-09;1887.0782470703125
2026-06-10;1904.188232421875
2026-06-11;1921.2982177734373
2026-06-12;1919.5901082356768
2026-06-13;1917.8819986979163
2026-06-14;1916.173889160156
2026-06-15;1914.465779622396
2026-06-16;1912.7576700846355
2026-06-17;1911.049560546875
2026-06-18;1904.4615478515625
2026-06-19;1898.1104736328125
2026-06-20;1901.567599826389
2026-06-21;1905.024726019965
2026-06-22;1908.4818522135415
2026-06-23;1911.9389784071184
2026-06-24;1915.3961046006943
2026-06-25;1918.8532307942708
2026-06-26;1917.9258422851562
2026-06-27;1916.9984537760415
2026-06-28;1916.071065266927
2026-06-29;1915.1436767578125
2026-06-30;1921.1455078125
2026-07-01;1910.3427734375
2026-07-02;1899.5400390625
2026-07-03;1912.2451171875
2026-07-04;1900.3349609375
2026-07-05;1903.3118896484373
2026-07-06;1894.423583984375
2026-07-07;1904.6566569010415
2026-07-08;1914.8897298177085
2026-07-09;1910.1612955729167
2026-07-10;1905.432861328125
2026-07-11;1906.1851399739585
2026-07-12;1906.937418619792
2026-07-13;1907.689697265625
2026-07-14;1908.4419759114585
2026-07-15;1909.194254557292
2026-07-16;1909.946533203125
2026-07-17;1910.6988118489585
2026-07-18;1911.451090494792
2026-07-19;1912.203369140625
2026-07-20;1912.9556477864585
2026-07-21;1913.707926432292
2026-07-22;1914.460205078125
2026-07-23;1915.2124837239585
2026-07-24;1915.964762369792
2026-07-25;1916.717041015625
2026-07-26;1908.204833984375
2026-07-27;1911.5836181640625
2026-07-28;1914.96240234375
2026-07-29;1918.3411865234373
2026-07-30;1903.4714965820312
2026-07-31;1888.601806640625
2026-08-01;1916.0308837890625
2026-08-02;1911.8499866832387
2026-08-03;1907.6690895774148
2026-08-04;1903.488192471591
2026-08-05;1899.307295365767
2026-08-06;1895.1263982599432
2026-08-07;1890.9455011541197
2026-08-08;1886.7646040482955
2026-08-09;1882.5837069424715
2026-08-10;1878.402809836648
2026-08-11;1874.221912730824
2026-08-12;1870.041015625
2026-08-13;1879.015380859375
2026-08-14;1887.98974609375
2026-08-15;1882.351318359375
2026-08-16;1895.982177734375
2026-08-17;1914.99951171875
2026-08-18;1892.816467285156
2026-08-19;1870.6334228515625
2026-08-20;1910.5537109375
2026-08-21;1907.311767578125
2026-08-22;1905.2926025390625
2026-08-23;1905.2926025390625
