t;NO2
2025-08-24;2.6300906029064208e-05
2025-08-25;1.3839275197824463e-05
2025-08-26;5.204962508287281e-05
2025-08-27;6.014893733663485e-05
2025-08-28;3.538468081387691e-05
2025-08-29;3.1867857614997774e-05
2025-08-30;2.835103441611864e-05
2025-08-31;9.429975762031972e-06
2025-09-01;8.941195119405165e-06
2025-09-02;2.016812504734844e-05
2025-09-03;1.919776332215406e-05
2025-09-04;1.765116030583158e-05
2025-09-05;5.050236723036505e-05
2025-09-06;3.3886986784636974e-05
2025-09-07;3.775005825445987e-05
2025-09-08;3.648371057352051e-05
2025-09-09;3.521736289258115e-05
2025-09-10;3.4751006751321256e-05
2025-09-11;3.271933746873401e-05
2025-09-12;3.7163332308409736e-05
2025-09-13;2.537009459047113e-05
2025-09-14;1.7422727978555486e-05
2025-09-15;2.228529410785996e-05
2025-09-16;2.538265653129201e-05
2025-09-17;2.249893320064681e-05
2025-09-18;1.961520987000161e-05
2025-09-19;1.673148653935641e-05
2025-09-20;2.842944923031609e-05
2025-09-21;2.345899702049792e-05
2025-09-22;3.98863667214755e-05
2025-09-23;9.156516898656264e-05
2025-09-24;4.8493267968297005e-05
2025-09-25;3.1748146284371614e-05
2025-09-26;1.419016916770488e-05
2025-09-27;4.250320853316225e-05
2025-09-28;6.298369044088759e-06
2025-09-29;1.9899165636161346e-05
2025-09-30;2.3555089380048837e-05
2025-10-01;2.7211013123936333e-05
2025-10-02;3.0866936867823824e-05
2025-10-03;4.901656211586669e-05
2025-10-04;3.245957850595005e-05
2025-10-05;2.4217844838858585e-05
2025-10-06;2.785277683869936e-05
2025-10-07;3.271807145210914e-05
2025-10-08;3.1698078601039015e-05
2025-10-09;3.0678085749968886e-05
2025-10-10;1.271385463041952e-05
2025-10-11;2.8751826903317124e-05
2025-10-12;1.97939807549119e-05
2025-10-13;1.0450730769662188e-05
2025-10-14;1.6404457710450515e-05
2025-10-15;2.163785757147707e-05
2025-10-16;2.023280103458092e-05
2025-10-17;2.7083226086688228e-05
2025-10-18;1.401157169311773e-05
2025-10-19;2.1264101087581365e-05
2025-10-20;2.8516630482045003e-05
2025-10-21;3.576915987650864e-05
2025-10-22;4.3021689270972276e-05
2025-10-23;5.027421866543591e-05
2025-10-24;4.4986636567045934e-05
2025-10-25;3.969905446865596e-05
2025-10-26;4.6177287003956735e-05
2025-10-27;3.953383156840573e-05
2025-10-28;3.2890376132854726e-05
2025-10-29;2.6246920697303725e-05
2025-10-30;1.960346526175272e-05
2025-10-31;2.653420701140671e-05
2025-11-01;3.3464948761060706e-05
2025-11-02;4.0395690510714697e-05
2025-11-03;4.732643226036869e-05
2025-11-04;5.425717401002268e-05
2025-11-05;6.118791575967668e-05
2025-11-06;6.811865750933066e-05
2025-11-07;6.579297215384113e-05
2025-11-08;6.346728679835161e-05
2025-11-09;6.11416014428621e-05
2025-11-10;5.881591608737257e-05
2025-11-11;5.6490230731883045e-05
2025-11-12;5.416454537639352e-05
2025-11-13;5.1838860020903994e-05
2025-11-14;4.9513174665414475e-05
2025-11-15;4.7187489309924956e-05
2025-11-16;4.486180395443543e-05
2025-11-17;4.2536118598945905e-05
2025-11-18;4.021043324345638e-05
2025-11-19;3.788474788796686e-05
2025-11-20;3.5559062532477334e-05
2025-11-21;3.3233377176987815e-05
2025-11-22;3.090769182149829e-05
2025-11-23;2.8582006466008764e-05
2025-11-24;2.6256321110519245e-05
2025-11-25;2.393063575502972e-05
2025-11-26;2.16049503995402e-05
2025-11-27;1.9279265044050675e-05
2025-11-28;1.695357968856115e-05
2025-11-29;4.467402904992892e-05
2025-11-30;7.239447841129669e-05
2025-12-01;0.00010011492777266446
2025-12-02;0.00012783537713403223
2025-12-03;0.0001555558264954
2025-12-04;9.672488704381898e-05
2025-12-05;3.789394759223797e-05
2025-12-06;4.473593289731071e-05
2025-12-07;5.157791820238345e-05
2025-12-08;5.8419903507456186e-05
2025-12-09;6.526188881252892e-05
2025-12-10;7.210387411760166e-05
2025-12-11;7.082571217957276e-05
2025-12-12;6.954755024154387e-05
2025-12-13;6.826938830351497e-05
2025-12-14;6.699122636548608e-05
2025-12-15;6.571306442745718e-05
2025-12-16;6.443490248942828e-05
2025-12-17;6.31567405513994e-05
2025-12-18;6.18785786133705e-05
2025-12-19;6.06004166753416e-05
2025-12-20;5.9322254737312704e-05
2025-12-21;5.80440927992838e-05
2025-12-22;5.6765930861254915e-05
2025-12-23;5.5487768923226014e-05
2025-12-24;5.420960698519712e-05
2025-12-25;5.2931445047168225e-05
2025-12-26;5.1653283109139324e-05
2025-12-27;5.0375121171110436e-05
2025-12-28;4.9096959233081535e-05
2025-12-29;4.781879729505264e-05
2025-12-30;4.6540635357023746e-05
2025-12-31;4.5262473418994844e-05
2026-01-01;4.398431148096595e-05
2026-01-02;4.2706149542937055e-05
2026-01-03;4.303279531407444e-05
2026-01-04;4.335944108521182e-05
2026-01-05;4.368608685634921e-05
2026-01-06;4.401273262748659e-05
2026-01-07;4.4339378398623975e-05
2026-01-08;4.466602416976136e-05
2026-01-09;4.499266994089874e-05
2026-01-10;4.531931571203613e-05
2026-01-11;4.564596148317351e-05
2026-01-12;4.5972607254310895e-05
2026-01-13;4.6299253025448275e-05
2026-01-14;4.662589879658566e-05
2026-01-15;4.695254456772305e-05
2026-01-16;4.727919033886043e-05
2026-01-17;4.7605836109997815e-05
2026-01-18;4.7932481881135195e-05
2026-01-19;4.825912765227258e-05
2026-01-20;4.687241744250059e-05
2026-01-21;4.723313486465486e-05
2026-01-22;4.7593852286809124e-05
2026-01-23;4.795456970896339e-05
2026-01-24;4.831528713111766e-05
2026-01-25;5.205045890761539e-05
2026-01-26;5.578563068411313e-05
2026-01-27;5.9520802460610865e-05
2026-01-28;6.32559742371086e-05
2026-01-29;6.699114601360634e-05
2026-01-30;6.309469245024957e-05
2026-01-31;5.91982388868928e-05
2026-02-01;6.183482764754444e-05
2026-02-02;6.447141640819609e-05
2026-02-03;6.472363384091295e-05
2026-02-04;6.497585127362981e-05
2026-02-05;6.569709590361786e-05
2026-02-06;6.641834053360591e-05
2026-02-07;6.713958516359395e-05
2026-02-08;6.786082979358201e-05
2026-02-09;6.858207442357005e-05
2026-02-10;6.93033190535581e-05
2026-02-11;7.002456368354615e-05
2026-02-12;7.074580831353419e-05
2026-02-13;7.146705294352225e-05
2026-02-14;7.218829757351029e-05
2026-02-15;7.290954220349834e-05
2026-02-16;7.363078683348638e-05
2026-02-17;7.435203146347444e-05
2026-02-18;7.507327609346248e-05
2026-02-19;7.579452072345054e-05
2026-02-20;7.651576535343858e-05
2026-02-21;7.723700998342662e-05
2026-02-22;7.795825461341468e-05
2026-02-23;7.867949924340272e-05
2026-02-24;7.940074387339077e-05
2026-02-25;8.012198850337882e-05
2026-02-26;8.084323313336687e-05
2026-02-27;8.156447776335491e-05
2026-02-28;8.228572239334296e-05
2026-03-01;8.300696702333101e-05
2026-03-02;8.372821165331905e-05
2026-03-03;8.44494562833071e-05
2026-03-04;8.517070091329515e-05
2026-03-05;8.202789540519006e-05
2026-03-06;7.888508989708498e-05
2026-03-07;7.57422843889799e-05
2026-03-08;7.259947888087482e-05
2026-03-09;6.945667337276973e-05
2026-03-10;6.631386786466464e-05
2026-03-11;6.317106235655955e-05
2026-03-12;6.0028256848454474e-05
2026-03-13;5.6885451340349394e-05
2026-03-14;5.374264583224431e-05
2026-03-15;6.595477316295728e-05
2026-03-16;6.865765559875096e-05
2026-03-17;7.136053803454463e-05
2026-03-18;7.406342047033831e-05
2026-03-19;7.6766302906132e-05
2026-03-20;7.946918534192567e-05
2026-03-21;8.217206777771935e-05
2026-03-22;8.487495021351302e-05
2026-03-23;8.75778326493067e-05
2026-03-24;9.028071508510038e-05
2026-03-25;9.298359752089405e-05
2026-03-26;9.568647995668773e-05
2026-03-27;9.838936239248142e-05
2026-03-28;7.111463310138788e-05
2026-03-29;4.3839903810294345e-05
2026-03-30;3.5619657865026966e-05
2026-03-31;2.7399411919759586e-05
2026-04-01;1.9179165974492207e-05
2026-04-02;3.1021434551803395e-05
2026-04-03;2.4816054065013304e-05
2026-04-04;2.28406288442784e-05
2026-04-05;2.0865203623543493e-05
2026-04-06;2.0329754728923683e-05
2026-04-07;1.9794305834303877e-05
2026-04-08;1.9258856939684066e-05
2026-04-09;1.872340804506426e-05
2026-04-10;1.818795915044445e-05
2026-04-11;1.7652510255824643e-05
2026-04-12;1.7117061361204833e-05
2026-04-13;1.7344775187666528e-05
2026-04-14;2.319775740033947e-05
2026-04-15;3.7799993151566014e-05
2026-04-16;2.124956699844916e-05
2026-04-17;1.872806024039164e-05
2026-04-18;7.125317642930895e-05
2026-04-19;5.237602636043448e-05
2026-04-20;3.349887629156001e-05
2026-04-21;3.067205907427706e-05
2026-04-22;2.7845241856994107e-05
2026-04-23;2.5018424639711154e-05
2026-04-24;2.2191607422428204e-05
2026-04-25;1.936479020514525e-05
2026-04-26;2.4311722881975584e-05
2026-04-27;2.3160703979859438e-05
2026-04-28;2.2009685077743295e-05
2026-04-29;2.085866617562715e-05
2026-04-30;1.9707647273511004e-05
2026-05-01;1.8556628371394858e-05
2026-05-02;1.7405609469278716e-05
2026-05-03;3.279707379988395e-05
2026-05-04;4.30854270234704e-05
2026-05-05;2.503992618585471e-05
2026-05-06;1.3826560461893678e-05
2026-05-07;2.9513432309613563e-05
2026-05-08;1.4585280041501392e-05
2026-05-09;4.424946746439673e-05
2026-05-10;1.853722642408684e-05
2026-05-11;1.6419719031546265e-05
2026-05-12;2.8966138415853493e-05
2026-05-13;1.6376554413000122e-05
2026-05-14;3.152041244902648e-05
2026-05-15;5.1767299737548456e-05
2026-05-16;4.916156770680876e-05
2026-05-17;4.655583567606906e-05
2026-05-18;4.3950103645329364e-05
2026-05-19;4.134437161458967e-05
2026-05-20;3.8738639583849974e-05
2026-05-21;3.613290755311027e-05
2026-05-22;6.815815140726045e-05
2026-05-23;3.646731784101576e-05
2026-05-24;8.1895079347305e-05
2026-05-25;7.660130722797476e-05
2026-05-26;7.130753510864452e-05
2026-05-27;7.304322571144439e-05
2026-05-28;7.477891631424427e-05
2026-05-29;6.436345574911684e-05
2026-05-30;4.864824586547911e-05
2026-05-31;3.2933035981841385e-05
2026-06-01;3.093660416197963e-05
2026-06-02;2.1030742573202588e-05
2026-06-03;4.996923598810099e-05
2026-06-04;5.907367085455917e-05
2026-06-05;2.550844510551542e-05
2026-06-06;2.410198976576794e-05
2026-06-07;3.560754703357816e-05
2026-06-08;4.137567520956509e-05
2026-06-09;4.692384027293883e-05
2026-06-10;5.847100692335516e-05
2026-06-11;4.396419899421744e-05
2026-06-12;3.3126289054052904e-05
2026-06-13;2.2288379113888368e-05
2026-06-14;2.2509200789500028e-05
2026-06-15;3.3032443752745166e-05
2026-06-16;2.230804057035129e-05
2026-06-17;3.0911454814486206e-05
2026-06-18;3.946943252230994e-05
2026-06-19;6.554032006533816e-05
2026-06-20;3.171380012645386e-05
2026-06-21;1.471529685659334e-05
2026-06-22;3.657977140392177e-05
2026-06-23;2.5825648663158063e-05
2026-06-24;1.5071525922394358e-05
2026-06-25;3.511816612444818e-05
2026-06-26;2.298414801771287e-05
2026-06-27;2.691455665626563e-05
2026-06-28;2.6007730411947705e-05
2026-06-29;3.383755392860621e-05
2026-06-30;3.7584060919471085e-05
2026-07-01;3.078378358623013e-05
2026-07-02;3.515392745612189e-05
2026-07-03;3.642690717242658e-05
2026-07-04;1.213767973240465e-05
2026-07-05;2.0205176042509265e-05
2026-07-06;3.109388489974663e-05
2026-07-07;3.491813185974024e-05
2026-07-08;3.80190322175622e-05
2026-07-09;4.578589505399577e-05
2026-07-10;3.098558954661712e-05
2026-07-11;3.654559259302914e-05
2026-07-12;4.210559563944116e-05
2026-07-13;1.65328001457965e-05
2026-07-14;3.4102191420970485e-05
2026-07-15;2.575862890807912e-05
2026-07-16;2.289547410327941e-05
2026-07-17;1.5681711374782026e-05
2026-07-18;3.0089986466919072e-05
2026-07-19;2.378279714321252e-05
2026-07-20;3.0554387194570154e-05
2026-07-21;3.3500007702969015e-05
2026-07-22;3.410333374631591e-05
2026-07-23;6.044998008292168e-05
2026-07-24;3.722481051227078e-05
2026-07-25;3.2519590604351833e-05
2026-07-26;2.552203477534931e-05
2026-07-27;3.329088485770626e-05
2026-07-28;4.105973494006321e-05
2026-07-29;3.067699526582146e-05
2026-07-30;2.029425559157972e-05
2026-07-31;2.587639210105408e-05
2026-08-01;1.819676435843576e-05
2026-08-02;1.272791087103542e-05
2026-08-03;1.6384885384468362e-05
2026-08-04;3.126258161501028e-05
2026-08-05;1.501470342191169e-05
2026-08-06;2.721359851420857e-05
2026-08-07;1.974448059627321e-05
2026-08-08;4.7019257181091234e-05
2026-08-09;3.554625436663628e-05
2026-08-10;5.5581873311894014e-05
2026-08-11;3.158125400659628e-05
2026-08-12;1.257479380001314e-05
2026-08-13;4.3271156755508855e-05
2026-08-14;3.157518949592486e-05
2026-08-15;3.333968197694048e-05
2026-08-16;2.4086939447443e-05
2026-08-17;1.7408952771802433e-05
2026-08-18;1.8244541934109293e-05
2026-08-19;1.3664981452166105e-05
2026-08-20;2.242973096144852e-05
2026-08-21;2.063534157059621e-05
2026-08-22;1.9013392375200056e-05
2026-08-23;2.3227779820445e-05
