t;SO2
2025-08-24;0.0004161986289545
2025-08-25;9.493565448792653e-05
2025-08-26;0.00013549427603716326
2025-08-27;0.0001760528975864
2025-08-28;-5.568273536482593e-06
2025-08-29;6.70140445890587e-05
2025-08-30;0.0001395963627146
2025-08-31;-0.0002222481707576
2025-09-01;-0.0001134894046117
2025-09-02;-0.0001159574749181
2025-09-03;-0.0002708091924432
2025-09-04;-0.0002493166248314
2025-09-05;-0.0005023319972679
2025-09-06;-0.0002828868164215
2025-09-07;-0.0003229667199775
2025-09-08;-0.0001224350562551
2025-09-09;7.809660746715963e-05
2025-09-10;0.0004640993429347
2025-09-11;0.000444059347501
2025-09-12;0.0003361228737048
2025-09-13;0.0002580865111667
2025-09-14;-4.3461193854454905e-05
2025-09-15;0.0003577277238946
2025-09-16;-0.000156773647177
2025-09-17;2.2298646702733325e-05
2025-09-18;0.0002013709405824
2025-09-19;0.0003804432344622
2025-09-20;8.16830579424e-05
2025-09-21;-0.0002170771185774
2025-09-22;0.000234051112784
2025-09-23;0.0003361029666848
2025-09-24;0.0003871279477607
2025-09-25;-5.866192441317253e-05
2025-09-26;0.0002236343862023
2025-09-27;-0.0002467327285557
2025-09-28;0.000326498033246
2025-09-29;-0.0001469528360757
2025-09-30;-3.2200240336e-05
2025-10-01;8.255235540369999e-05
2025-10-02;0.0001973049511434
2025-10-03;-3.1042211048770696e-05
2025-10-04;-0.0002171341911889
2025-10-05;6.969355308683589e-05
2025-10-06;0.000219330904656
2025-10-07;0.0005345566314645
2025-10-08;0.000155984009325
2025-10-09;-0.0002225886128144
2025-10-10;0.0003107541706413
2025-10-11;0.0001023577497107
2025-10-12;0.0001351869432255
2025-10-13;-4.792564868695001e-05
2025-10-14;-0.0002310382405994
2025-10-15;-6.33328891126439e-05
2025-10-16;-9.664454410085456e-05
2025-10-17;3.9314258174272254e-05
2025-10-18;0.00030297594239523615
2025-10-19;0.0005666376266162
2025-10-20;0.0003799543832428
2025-10-21;0.0001932711398694
2025-10-22;6.587896496080018e-06
2025-10-23;-0.0001800953468773
2025-10-24;2.3913496988850003e-05
2025-10-25;0.000227922340855
2025-10-26;3.9814090996515006e-05
2025-10-27;7.74670479586348e-06
2025-10-28;-2.4320681404788047e-05
2025-10-29;-5.638806760543957e-05
2025-10-30;-8.84554538060911e-05
2025-10-31;-1.510301704780873e-07
2025-11-01;8.815339346513493e-05
2025-11-02;0.0001764578171007
2025-11-03;0.0002647622407363
2025-11-04;0.0003530666643719
2025-11-05;0.0004413710880075
2025-11-06;0.0005296755116432
2025-11-07;0.0001601776457391
2025-11-08;0.0001465864250068
2025-11-09;0.0001329952042746
2025-11-10;0.0001194039835423
2025-11-11;0.0001058127628101
2025-11-12;9.222154207792692e-05
2025-11-13;7.86303213456923e-05
2025-11-14;6.503910061345768e-05
2025-11-15;5.144787988122307e-05
2025-11-16;3.785665914898844e-05
2025-11-17;2.426543841675384e-05
2025-11-18;1.0674217684519214e-05
2025-11-19;-2.9170030477154133e-06
2025-11-20;-1.6508223779950013e-05
2025-11-21;-3.009944451218464e-05
2025-11-22;-4.369066524441924e-05
2025-11-23;-5.728188597665387e-05
2025-11-24;-7.08731067088885e-05
2025-11-25;-8.446432744112312e-05
2025-11-26;-9.805554817335772e-05
2025-11-27;-0.0001116467689055
2025-11-28;-0.0001252379896378
2025-11-29;-0.00013882921037
2025-11-30;-0.0001524204311022
2025-12-01;-0.0001660116518345
2025-12-02;-0.0001796028725667
2025-12-03;-0.000193194093299
2025-12-04;2.500457048885e-05
2025-12-05;0.0002432032342767
2025-12-06;0.0001906807181512
2025-12-07;0.0001381582020257
2025-12-08;8.563568590032894e-05
2025-12-09;3.31131697748719e-05
2025-12-10;-1.940934635058511e-05
2025-12-11;2.535490930313191e-05
2025-12-12;7.011916495684893e-05
2025-12-13;0.0001148834206105
2025-12-14;0.0001596476762642
2025-12-15;0.000204411931918
2025-12-16;0.0002092025708407
2025-12-17;0.0002139932097634
2025-12-18;0.0002187838486861
2025-12-19;0.0002235744876088
2025-12-20;0.0002283651265315
2025-12-21;0.0002331557654542
2025-12-22;0.0002379464043769
2025-12-23;0.0002427370432997
2025-12-24;0.0002475276822224
2025-12-25;0.0002523183211451
2025-12-26;0.0002571089600678
2025-12-27;0.0002618995989905
2025-12-28;0.0002666902379132
2025-12-29;0.0002714808768359
2025-12-30;0.0002762715157587
2025-12-31;0.0001717467869942
2026-01-01;6.722205822976655e-05
2026-01-02;-3.730267053470016e-05
2026-01-03;-3.4509115774948017e-05
2026-01-04;-3.171556101519588e-05
2026-01-05;-2.892200625544373e-05
2026-01-06;-2.6128451495691597e-05
2026-01-07;-2.3334896735939448e-05
2026-01-08;-2.0541341976187303e-05
2026-01-09;-1.7747787216435164e-05
2026-01-10;-1.4954232456683022e-05
2026-01-11;-1.216067769693088e-05
2026-01-12;-9.367122937178738e-06
2026-01-13;-6.573568177426596e-06
2026-01-14;-3.78001341767445e-06
2026-01-15;-9.864586579223114e-07
2026-01-16;1.807096101829834e-06
2026-01-17;4.600650861581973e-06
2026-01-18;7.394205621334118e-06
2026-01-19;1.0187760381086264e-05
2026-01-20;4.147742220084183e-05
2026-01-21;-0.0001116250350605
2026-01-22;-3.121023473793332e-05
2026-01-23;4.920456558463335e-05
2026-01-24;0.0001296193659072
2026-01-25;9.602797872497354e-05
2026-01-26;6.243659154274706e-05
2026-01-27;2.8845204360520584e-05
2026-01-28;-4.746182821705879e-06
2026-01-29;-3.833757000393234e-05
2026-01-30;7.110027399903382e-05
2026-01-31;0.000180538118002
2026-02-01;-1.5956105926306918e-05
2026-02-02;-2.2551112124347128e-05
2026-02-03;-2.9146118322387338e-05
2026-02-04;-0.0002317014441359
2026-02-05;-6.545467476825001e-05
2026-02-06;0.0001007920945994
2026-02-07;-8.71406373335e-05
2026-02-08;-0.0002750733692664
2026-02-09;-0.0002738138642406
2026-02-10;-0.0002725543592149
2026-02-11;-0.0002712948541891
2026-02-12;-0.0002700353491634
2026-02-13;-0.0002687758441376
2026-02-14;-0.0002675163391119
2026-02-15;-0.0002662568340861
2026-02-16;-0.0002649973290604
2026-02-17;-0.0002637378240346
2026-02-18;-0.0002624783190089
2026-02-19;-0.0002612188139831
2026-02-20;-0.0002599593089574
2026-02-21;-0.0002586998039316
2026-02-22;-0.0002574402989059
2026-02-23;-0.0002561807938801
2026-02-24;-0.0002549212888544
2026-02-25;-0.0002536617838286
2026-02-26;-0.0002524022788029
2026-02-27;-0.0002511427737772
2026-02-28;-7.088234269758686e-05
2026-03-01;-3.966778967878781e-05
2026-03-02;-8.453236659988761e-06
2026-03-03;2.276131635881029e-05
2026-03-04;5.397586937760934e-05
2026-03-05;-4.848596775746044e-05
2026-03-06;-0.0001509478048925
2026-03-07;-0.0002534096420276
2026-03-08;-0.0001660774993675
2026-03-09;-7.874535670753172e-05
2026-03-10;8.586785952502396e-06
2026-03-11;-3.28073317632482e-05
2026-03-12;-7.42014494789988e-05
2026-03-13;-0.0001155955671947
2026-03-14;-0.0001569896849105
2026-03-15;6.029653013683856e-05
2026-03-16;0.0002283757203258
2026-03-17;0.00018689932635
2026-03-18;0.0001454229323743
2026-03-19;0.0001039465383986
2026-03-20;6.24701444228909e-05
2026-03-21;2.0993750447163637e-05
2026-03-22;-2.048264352856366e-05
2026-03-23;-6.19590375042909e-05
2026-03-24;-0.00010343543148
2026-03-25;-0.0001449118254557
2026-03-26;-0.0001863882194314
2026-03-27;-0.0002278646134072
2026-03-28;-7.479843043251978e-05
2026-03-29;7.826775254216045e-05
2026-03-30;1.1413076814906968e-05
2026-03-31;-5.544159891234652e-05
2026-04-01;-0.0001222962746396
2026-04-02;0.0003643200034275
2026-04-03;0.000135948517709
2026-04-04;0.000152634398546
2026-04-05;0.0001693202793831
2026-04-06;0.00022348293229393332
2026-04-07;0.0002776455852047667
2026-04-08;0.0003318082381156
2026-04-09;0.0003859708910264333
2026-04-10;0.00044013354393726664
2026-04-11;0.0004942961968481
2026-04-12;0.0004570649180095
2026-04-13;0.0005334978341124
2026-04-14;0.0001649473560974
2026-04-15;0.0001348978548776
2026-04-16;-0.0002363808162044
2026-04-17;-3.055539127670001e-05
2026-04-18;0.000175270033651
2026-04-19;0.000107904386823
2026-04-20;4.05387399950996e-05
2026-04-21;7.91034108260497e-05
2026-04-22;0.0001176680816569
2026-04-23;0.0001562327524879
2026-04-24;0.0001947974233189
2026-04-25;-8.258975867647678e-05
2026-04-26;-0.0001009591142064
2026-04-27;-0.0001075018662958
2026-04-28;-0.0001140446183853
2026-04-29;-0.000116867953693
2026-04-30;-0.0001196912890008
2026-05-01;-0.0001225146243086
2026-05-02;-0.0001253379596164
2026-05-03;3.0956012778915465e-05
2026-05-04;-4.488795457291417e-05
2026-05-05;-2.6048944164358545e-05
2026-05-06;-7.209933755802922e-06
2026-05-07;-9.482658060733228e-05
2026-05-08;-9.409989434061572e-05
2026-05-09;-7.314419053727761e-05
2026-05-10;-6.920511623320635e-06
2026-05-11;1.3076473805995192e-05
2026-05-12;0.0001260515855392
2026-05-13;0.0005150456563569
2026-05-14;0.0005238946760073
2026-05-15;-0.0001907400583149
2026-05-16;-0.0002001459676344
2026-05-17;-0.000209551876954
2026-05-18;-0.0002189577862736
2026-05-19;-0.0002283636955931
2026-05-20;-0.0002377696049127
2026-05-21;-0.0002471755142323
2026-05-22;9.920918091664999e-05
2026-05-23;0.0004455938760656
2026-05-24;9.47531807469204e-05
2026-05-25;3.02828393614618e-05
2026-05-26;-3.4187502023996785e-05
2026-05-27;2.5028750314959325e-05
2026-05-28;8.424500265391544e-05
2026-05-29;6.388947804225609e-05
2026-05-30;0.0001398465210513
2026-05-31;0.0002158035640604
2026-06-01;0.0004464073863346
2026-06-02;-3.089837991865352e-05
2026-06-03;9.20738239074126e-05
2026-06-04;0.0004837278102058
2026-06-05;7.522328814957291e-05
2026-06-06;-0.0002404927363386
2026-06-07;0.0001133873593062
2026-06-08;-0.0001388743112329
2026-06-09;-0.0001392532431054
2026-06-10;0.0004239619884174
2026-06-11;0.0003028869396075
2026-06-12;0.0004339888691901
2026-06-13;0.0005650907987728
2026-06-14;0.0002318192564416
2026-06-15;0.0001722283159324
2026-06-16;0.0001126373754232
2026-06-17;-4.916696070722537e-06
2026-06-18;-1.0648185707395896e-05
2026-06-19;-0.0002503851428627
2026-06-20;0.000446964695584
2026-06-21;0.0002149833599105
2026-06-22;-0.0001990138407563
2026-06-23;-0.0001959895016625
2026-06-24;-6.184931407915428e-06
2026-06-25;1.3558023965742905e-05
2026-06-26;2.8288940029597143e-05
2026-06-27;4.301985609345138e-05
2026-06-28;0.0001404006325174
2026-06-29;-8.151394285960123e-05
2026-06-30;-0.0004041536885779
2026-07-01;-0.000207131376555463
2026-07-02;-1.0109064533025958e-05
2026-07-03;0.0001701544824754
2026-07-04;-0.0001126436109188
2026-07-05;-0.0002536283864174
2026-07-06;-6.79350632709e-05
2026-07-07;0.0001177582598756
2026-07-08;0.0003163097426295
2026-07-09;-0.0001586728467373
2026-07-10;0.0003626359102781
2026-07-11;8.73063036124222e-05
2026-07-12;-0.0001361547037959
2026-07-13;0.0001203254360007
2026-07-14;2.801607843139209e-05
2026-07-15;-0.0001718650746624
2026-07-16;-1.4507783816952724e-05
2026-07-17;-5.877340527147636e-05
2026-07-18;-0.000103039026726
2026-07-19;0.0004543194081634
2026-07-20;6.769887113478035e-05
2026-07-21;-7.825570719433017e-06
2026-07-22;-0.0001086210031644
2026-07-23;0.0002036449150182
2026-07-24;0.0001015933521557
2026-07-25;0.0003210975846741
2026-07-26;7.040974742267281e-05
2026-07-27;0.0003941336253773
2026-07-28;0.00019023528830068757
2026-07-29;-1.3663048775924835e-05
2026-07-30;-4.551704478217289e-05
2026-07-31;9.015864634420724e-05
2026-08-01;-7.325603746721754e-06
2026-08-02;-0.0001966902054846
2026-08-03;1.7975735318032093e-05
2026-08-04;-0.000500181748066
2026-08-05;0.0003514408890623
2026-08-06;-0.0003737631777767
2026-08-07;-0.00022448440358857163
2026-08-08;-7.520562940044329e-05
2026-08-09;0.0001620634866412
2026-08-10;-3.798368197749369e-05
2026-08-11;0.000368265697034
2026-08-12;9.913593385135756e-05
2026-08-13;1.5201759197225329e-05
2026-08-14;3.235692929592915e-05
2026-08-15;0.0002362155937589
2026-08-16;-0.0001027431644615
2026-08-17;2.973609844048042e-05
2026-08-18;0.0001565063430462
2026-08-19;-5.772863460151712e-06
2026-08-20;0.0004334998084232
2026-08-21;-0.0001507446722825
2026-08-22;0.0002637357392814
2026-08-23;4.842963971896097e-05
