t;feature;CO;lat;lon;feature_names;CH4;NO2;SO2
2025-08-24;0.0;0.0355865694582462;-7.284553080280922;112.75565625391995;feature_0;;2.6300906029064208e-05;0.00041619862895458937
2025-08-25;0.0;0.0283108856528997;-7.284553080280922;112.75565625391995;feature_0;;1.3839275197824463e-05;9.493565448792653e-05
2025-08-26;0.0;;-7.284553080280922;112.75565625391995;feature_0;;5.204962508287281e-05;-0.0009238578495569528
2025-08-27;0.0;;-7.284553080280922;112.75565625391995;feature_0;;6.014893733663485e-05;0.00017605289758648723
2025-08-28;0.0;0.028844766318798;-7.284553080280922;112.75565625391995;feature_0;;3.538468081387691e-05;-5.568273536482593e-06
2025-08-29;0.0;0.0221068207174539;-7.284553080280922;112.75565625391995;feature_0;;;
2025-08-30;0.0;0.0264819487929344;-7.284553080280922;112.75565625391995;feature_0;;2.835103441611864e-05;0.0001395963627146557
2025-08-31;0.0;;-7.284553080280922;112.75565625391995;feature_0;;9.429975762031972e-06;-0.00022224817075766623
2025-09-01;0.0;;-7.284553080280922;112.75565625391995;feature_0;;8.941195119405165e-06;-0.00011348940461175516
2025-09-02;0.0;;-7.284553080280922;112.75565625391995;feature_0;;2.016812504734844e-05;-0.00011595747491810472
2025-09-03;0.0;0.0178507044911384;-7.284553080280922;112.75565625391995;feature_0;;1.919776332215406e-05;-0.0002708091924432665
2025-09-04;0.0;0.0228754095733165;-7.284553080280922;112.75565625391995;feature_0;1866.9864501953125;1.765116030583158e-05;-0.00024931662483140826
2025-09-05;0.0;0.0353527888655662;-7.284553080280922;112.75565625391995;feature_0;;5.050236723036505e-05;-0.0005023319972679019
2025-09-06;0.0;;-7.284553080280922;112.75565625391995;feature_0;;3.3886986784636974e-05;-0.0002828868164215237
2025-09-07;0.0;0.035700537264347;-7.284553080280922;112.75565625391995;feature_0;;3.775005825445987e-05;-0.00032296671997755766
2025-09-08;;;;;;;;
2025-09-09;0.0;0.0220485366880893;-7.284553080280922;112.75565625391995;feature_0;;3.521736289258115e-05;7.809660746715963e-05
2025-09-10;0.0;;-7.284553080280922;112.75565625391995;feature_0;;3.4751006751321256e-05;0.0004640993429347873
2025-09-11;0.0;;-7.284553080280922;112.75565625391995;feature_0;;3.271933746873401e-05;0.0004440593475010246
2025-09-12;0.0;0.0302789453417062;-7.284553080280922;112.75565625391995;feature_0;;3.7163332308409736e-05;0.0003361228737048805
2025-09-13;0.0;0.0275306347757577;-7.284553080280922;112.75565625391995;feature_0;1894.63671875;2.537009459047113e-05;0.0002580865111667663
2025-09-14;0.0;0.0280575230717659;-7.284553080280922;112.75565625391995;feature_0;;1.7422727978555486e-05;-4.3461193854454905e-05
2025-09-15;0.0;0.0303043983876705;-7.284553080280922;112.75565625391995;feature_0;;2.2285294107859958e-05;0.0003577277238946408
2025-09-16;0.0;;-7.284553080280922;112.75565625391995;feature_0;;2.538265653129201e-05;-0.00015677364717703313
2025-09-17;;;;;;;;
2025-09-18;;;;;;;;
2025-09-19;0.0;0.0227726642042398;-7.284553080280922;112.75565625391995;feature_0;;1.673148653935641e-05;0.000380443234462291
2025-09-20;0.0;0.029209166765213;-7.284553080280922;112.75565625391995;feature_0;;2.842944923031609e-05;
2025-09-21;0.0;0.0351220108568668;-7.284553080280922;112.75565625391995;feature_0;;2.345899702049792e-05;-0.0002170771185774356
2025-09-22;0.0;0.0287753157317638;-7.284553080280922;112.75565625391995;feature_0;;3.98863667214755e-05;0.0002340511127840728
2025-09-23;0.0;0.038449939340353;-7.284553080280922;112.75565625391995;feature_0;;9.156516898656264e-05;0.00033610296668484807
2025-09-24;0.0;;-7.284553080280922;112.75565625391995;feature_0;;4.8493267968297005e-05;0.0003871279477607459
2025-09-25;0.0;0.0287411902099847;-7.284553080280922;112.75565625391995;feature_0;;3.1748146284371614e-05;-5.866192441317253e-05
2025-09-26;0.0;;-7.284553080280922;112.75565625391995;feature_0;;1.419016916770488e-05;0.00022363438620232048
2025-09-27;0.0;0.0336877182126045;-7.284553080280922;112.75565625391995;feature_0;;4.250320853316225e-05;-0.00024673272855579853
2025-09-28;0.0;0.0315377227962017;-7.284553080280922;112.75565625391995;feature_0;;6.298369044088759e-06;0.00032649803324602544
2025-09-29;0.0;0.0310576036572456;-7.284553080280922;112.75565625391995;feature_0;;1.9899165636161346e-05;-0.00014695283607579768
2025-09-30;;;;;;;;
2025-10-01;;;;;;;;
2025-10-02;0.0;;-7.284553080280922;112.75565625391995;feature_0;;3.0866936867823824e-05;0.00019730495114345104
2025-10-03;0.0;0.0338977836072444;-7.284553080280922;112.75565625391995;feature_0;;4.901656211586669e-05;-3.1042211048770696e-05
2025-10-04;0.0;0.031473021954298;-7.284553080280922;112.75565625391995;feature_0;;3.245957850595005e-05;-0.00021713419118896127
2025-10-05;0.0;0.030544189736247;-7.284553080280922;112.75565625391995;feature_0;;2.4217844838858585e-05;6.969355308683589e-05
2025-10-06;0.0;0.0261550713330507;-7.284553080280922;112.75565625391995;feature_0;;2.785277683869936e-05;0.00021933090465608984
2025-10-07;0.0;0.0433661341667175;-7.284553080280922;112.75565625391995;feature_0;;3.271807145210914e-05;0.0005345566314645112
2025-10-08;;;;;;;;
2025-10-09;0.0;0.0345048159360885;-7.284553080280922;112.75565625391995;feature_0;;3.0678085749968886e-05;-0.00022258861281443387
2025-10-10;0.0;0.0342204309999942;-7.284553080280922;112.75565625391995;feature_0;1900.77197265625;1.271385463041952e-05;0.00031075417064130306
2025-10-11;0.0;0.0389535948634147;-7.284553080280922;112.75565625391995;feature_0;;2.8751826903317124e-05;0.0001023577497107908
2025-10-12;0.0;0.0278546512126922;-7.284553080280922;112.75565625391995;feature_0;;1.97939807549119e-05;0.00013518694322556257
2025-10-13;0.0;;-7.284553080280922;112.75565625391995;feature_0;;1.0450730769662188e-05;0.0007487749098800123
2025-10-14;0.0;0.0293849483132362;-7.284553080280922;112.75565625391995;feature_0;;1.6404457710450515e-05;-0.000231038240599446
2025-10-15;0.0;0.0280566532164812;-7.284553080280922;112.75565625391995;feature_0;;2.163785757147707e-05;-6.33328891126439e-05
2025-10-16;0.0;0.0331726185977458;-7.284553080280922;112.75565625391995;feature_0;;2.023280103458092e-05;-9.664454410085456e-05
2025-10-17;0.0;0.0275139547884464;-7.284553080280922;112.75565625391995;feature_0;;2.7083226086688228e-05;3.9314258174272254e-05
2025-10-18;0.0;;-7.284553080280922;112.75565625391995;feature_0;;1.401157169311773e-05;0.0007533208699896932
2025-10-19;;;;;;;;
2025-10-20;;;;;;;;
2025-10-21;;;;;;;;
2025-10-22;;;;;;;;
2025-10-23;0.0;;-7.284553080280922;112.75565625391995;feature_0;;5.027421866543591e-05;-0.0001800953468773514
2025-10-24;;;;;;;;
2025-10-25;0.0;;-7.284553080280922;112.75565625391995;feature_0;;3.969905446865596e-05;0.0002279223408550024
2025-10-26;0.0;0.0335026010870933;-7.284553080280922;112.75565625391995;feature_0;;4.6177287003956735e-05;3.9814090996515006e-05
2025-10-27;;;;;;;;
2025-10-28;0.0;0.0312225744128227;-7.284553080280922;112.75565625391995;feature_0;;;
2025-10-29;;;;;;;;
2025-10-30;0.0;;-7.284553080280922;112.75565625391995;feature_0;;1.960346526175272e-05;-8.84554538060911e-05
2025-10-31;;;;;;;;
2025-11-01;;;;;;;;
2025-11-02;;;;;;;;
2025-11-03;;;;;;;;
2025-11-04;;;;;;;;
2025-11-05;;;;;;;;
2025-11-06;0.0;0.0281496848911046;-7.284553080280922;112.75565625391995;feature_0;;6.811865750933066e-05;0.0005296755116432905
2025-11-07;0.0;0.0208542514592409;-7.284553080280922;112.75565625391995;feature_0;;;0.00016017764573916793
2025-11-08;;;;;;;;
2025-11-09;;;;;;;;
2025-11-10;;;;;;;;
2025-11-11;;;;;;;;
2025-11-12;;;;;;;;
2025-11-13;;;;;;;;
2025-11-14;;;;;;;;
2025-11-15;;;;;;;;
2025-11-16;;;;;;;;
2025-11-17;;;;;;;;
2025-11-18;;;;;;;;
2025-11-19;;;;;;;;
2025-11-20;;;;;;;;
2025-11-21;;;;;;;;
2025-11-22;;;;;;;;
2025-11-23;0.0;0.0337221585214138;-7.284553080280922;112.75565625391995;feature_0;;;
2025-11-24;;;;;;;;
2025-11-25;;;;;;;;
2025-11-26;0.0;0.0292022358626127;-7.284553080280922;112.75565625391995;feature_0;;;
2025-11-27;;;;;;;;
2025-11-28;0.0;0.0226188488304615;-7.284553080280922;112.75565625391995;feature_0;;1.695357968856115e-05;
2025-11-29;;;;;;;;
2025-11-30;;;;;;;;
2025-12-01;;;;;;;;
2025-12-02;;;;;;;;
2025-12-03;0.0;0.0308585129678249;-7.284553080280922;112.75565625391995;feature_0;;0.00015555582649540156;-0.0001931940932990983
2025-12-04;;;;;;;;
2025-12-05;0.0;0.0282734762877225;-7.284553080280922;112.75565625391995;feature_0;;3.789394759223797e-05;0.0002432032342767343
2025-12-06;;;;;;;;
2025-12-07;;;;;;;;
2025-12-08;;;;;;;;
2025-12-09;;;;;;;;
2025-12-10;0.0;0.0363560318946838;-7.284553080280922;112.75565625391995;feature_0;;7.210387411760166e-05;-1.940934635058511e-05
2025-12-11;0.0;0.0283505152910947;-7.284553080280922;112.75565625391995;feature_0;;;
2025-12-12;0.0;0.0287227313965559;-7.284553080280922;112.75565625391995;feature_0;;;
2025-12-13;;;;;;;;
2025-12-14;;;;;;;;
2025-12-15;0.0;0.029213486239314;-7.284553080280922;112.75565625391995;feature_0;;;0.0002044119319180027
2025-12-16;;;;;;;;
2025-12-17;0.0;0.0279262065887451;-7.284553080280922;112.75565625391995;feature_0;;;
2025-12-18;;;;;;;;
2025-12-19;;;;;;;;
2025-12-20;;;;;;;;
2025-12-21;0.0;0.0236472934484481;-7.284553080280922;112.75565625391995;feature_0;;;
2025-12-22;0.0;0.0241948645561933;-7.284553080280922;112.75565625391995;feature_0;;;
2025-12-23;0.0;0.0279633775353431;-7.284553080280922;112.75565625391995;feature_0;;;
2025-12-24;;;;;;;;
2025-12-25;0.0;0.0277639888226985;-7.284553080280922;112.75565625391995;feature_0;;;
2025-12-26;;;;;;;;
2025-12-27;;;;;;;;
2025-12-28;;;;;;;;
2025-12-29;0.0;0.0284630991518497;-7.284553080280922;112.75565625391995;feature_0;;;
2025-12-30;0.0;;-7.284553080280922;112.75565625391995;feature_0;;;0.0002762715157587081
2025-12-31;;;;;;;;
2026-01-01;;;;;;;;
2026-01-02;0.0;;-7.284553080280922;112.75565625391995;feature_0;;4.2706149542937055e-05;-3.730267053470016e-05
2026-01-03;0.0;0.0288458708673715;-7.284553080280922;112.75565625391995;feature_0;;;
2026-01-04;0.0;0.0253135468810796;-7.284553080280922;112.75565625391995;feature_0;;;
2026-01-05;;;;;;;;
2026-01-06;;;;;;;;
2026-01-07;;;;;;;;
2026-01-08;;;;;;;;
2026-01-09;0.0;0.021453795954585;-7.284553080280922;112.75565625391995;feature_0;;;
2026-01-10;;;;;;;;
2026-01-11;;;;;;;;
2026-01-12;;;;;;;;
2026-01-13;;;;;;;;
2026-01-14;0.0;0.0219624675810337;-7.284553080280922;112.75565625391995;feature_0;;;
2026-01-15;;;;;;;;
2026-01-16;;;;;;;;
2026-01-17;;;;;;;;
2026-01-18;;;;;;;;
2026-01-19;0.0;0.0308810584247112;-7.284553080280922;112.75565625391995;feature_0;;4.825912765227258e-05;1.0187760381086264e-05
2026-01-20;0.0;;-7.284553080280922;112.75565625391995;feature_0;;4.687241744250059e-05;4.147742220084183e-05
2026-01-21;0.0;0.0250301640480756;-7.284553080280922;112.75565625391995;feature_0;;;-0.00011162503506056964
2026-01-22;;;;;;;;
2026-01-23;;;;;;;;
2026-01-24;0.0;0.0311055872589349;-7.284553080280922;112.75565625391995;feature_0;;4.831528713111766e-05;0.0001296193659072742
2026-01-25;0.0;0.0242997277528047;-7.284553080280922;112.75565625391995;feature_0;;;
2026-01-26;;;;;;;;
2026-01-27;0.0;0.0335929319262504;-7.284553080280922;112.75565625391995;feature_0;;;
2026-01-28;;;;;;;;
2026-01-29;0.0;0.0321099497377872;-7.284553080280922;112.75565625391995;feature_0;;6.699114601360634e-05;-3.833757000393234e-05
2026-01-30;0.0;0.0343326292932033;-7.284553080280922;112.75565625391995;feature_0;;;
2026-01-31;0.0;0.0295781064778566;-7.284553080280922;112.75565625391995;feature_0;;5.91982388868928e-05;0.00018053811800200487
2026-02-01;0.0;;-7.284553080280922;112.75565625391995;feature_0;;;-1.5956105926306918e-05
2026-02-02;0.0;0.0316206663846969;-7.284553080280922;112.75565625391995;feature_0;;6.447141640819609e-05;-0.0005459499661810696
2026-02-03;0.0;0.0304219089448452;-7.284553080280922;112.75565625391995;feature_0;;;-2.9146118322387338e-05
2026-02-04;0.0;0.0274453815072774;-7.284553080280922;112.75565625391995;feature_0;;6.497585127362981e-05;-0.0002317014441359788
2026-02-05;;;;;;;;
2026-02-06;0.0;0.0316486209630966;-7.284553080280922;112.75565625391995;feature_0;;;0.0001007920945994556
2026-02-07;;;;;;;;
2026-02-08;0.0;;-7.284553080280922;112.75565625391995;feature_0;;;-0.0002750733692664653
2026-02-09;;;;;;;;
2026-02-10;;;;;;;;
2026-02-11;;;;;;;;
2026-02-12;;;;;;;;
2026-02-13;;;;;;;;
2026-02-14;;;;;;;;
2026-02-15;;;;;;;;
2026-02-16;0.0;0.0272824559360742;-7.284553080280922;112.75565625391995;feature_0;;;
2026-02-17;0.0;0.0312426872551441;-7.284553080280922;112.75565625391995;feature_0;;;
2026-02-18;;;;;;;;
2026-02-19;;;;;;;;
2026-02-20;;;;;;;;
2026-02-21;;;;;;;;
2026-02-22;;;;;;;;
2026-02-23;;;;;;;;
2026-02-24;;;;;;;;
2026-02-25;0.0;0.0245216358453035;-7.284553080280922;112.75565625391995;feature_0;;;
2026-02-26;;;;;;;;
2026-02-27;0.0;0.0201919209212064;-7.284553080280922;112.75565625391995;feature_0;;;-0.0002511427737772465
2026-02-28;0.0;0.0268766358494758;-7.284553080280922;112.75565625391995;feature_0;;;-7.088234269758686e-05
2026-03-01;;;;;;;;
2026-03-02;;;;;;;;
2026-03-03;;;;;;;;
2026-03-04;0.0;;-7.284553080280922;112.75565625391995;feature_0;;8.517070091329515e-05;5.397586937760934e-05
2026-03-05;0.0;0.0293568018823862;-7.284553080280922;112.75565625391995;feature_0;;;
2026-03-06;;;;;;;;
2026-03-07;0.0;;-7.284553080280922;112.75565625391995;feature_0;;;-0.000253409642027691
2026-03-08;0.0;0.0286967791616916;-7.284553080280922;112.75565625391995;feature_0;;;
2026-03-09;;;;;;;;
2026-03-10;0.0;0.0296045988798141;-7.284553080280922;112.75565625391995;feature_0;;;8.586785952502396e-06
2026-03-11;;;;;;;;
2026-03-12;0.0;0.0253314394503831;-7.284553080280922;112.75565625391995;feature_0;;;
2026-03-13;;;;;;;;
2026-03-14;0.0;0.0276687927544116;-7.284553080280922;112.75565625391995;feature_0;;5.374264583224431e-05;-0.00015698968491051346
2026-03-15;0.0;0.0306531265377998;-7.284553080280922;112.75565625391995;feature_0;;6.595477316295728e-05;6.029653013683856e-05
2026-03-16;0.0;0.0270441584289073;-7.284553080280922;112.75565625391995;feature_0;;;0.0002283757203258574
2026-03-17;0.0;0.0304220523685216;-7.284553080280922;112.75565625391995;feature_0;;;
2026-03-18;0.0;0.0231276787817478;-7.284553080280922;112.75565625391995;feature_0;;;
2026-03-19;;;;;;;;
2026-03-20;;;;;;;;
2026-03-21;;;;;;;;
2026-03-22;;;;;;;;
2026-03-23;0.0;0.0319884680211544;-7.284553080280922;112.75565625391995;feature_0;;;
2026-03-24;;;;;;;;
2026-03-25;0.0;0.0245492774993181;-7.284553080280922;112.75565625391995;feature_0;;;
2026-03-26;0.0;0.0272653009742498;-7.284553080280922;112.75565625391995;feature_0;;;
2026-03-27;0.0;0.0280134044587612;-7.284553080280922;112.75565625391995;feature_0;;9.838936239248142e-05;-0.00022786461340729147
2026-03-28;;;;;;;;
2026-03-29;0.0;0.0317854918539524;-7.284553080280922;112.75565625391995;feature_0;;4.3839903810294345e-05;7.826775254216045e-05
2026-03-30;;;;;;;;
2026-03-31;;;;;;;;
2026-04-01;0.0;0.0294685922563076;-7.284553080280922;112.75565625391995;feature_0;;1.9179165974492207e-05;-0.00012229627463966608
2026-04-02;0.0;0.031113788485527;-7.284553080280922;112.75565625391995;feature_0;;3.1021434551803395e-05;0.0003643200034275651
2026-04-03;0.0;0.0257707498967647;-7.284553080280922;112.75565625391995;feature_0;;2.4816054065013304e-05;0.00013594851770903915
2026-04-04;;;;;;;;
2026-04-05;0.0;0.0259743947535753;-7.284553080280922;112.75565625391995;feature_0;;2.0865203623543493e-05;0.00016932027938310057
2026-04-06;;;;;;;;
2026-04-07;0.0;;-7.284553080280922;112.75565625391995;feature_0;;;0.0011674293782562
2026-04-08;;;;;;;;
2026-04-09;;;;;;;;
2026-04-10;;;;;;;;
2026-04-11;0.0;0.0337077006697654;-7.284553080280922;112.75565625391995;feature_0;;;0.0004942961968481541
2026-04-12;0.0;;-7.284553080280922;112.75565625391995;feature_0;;1.7117061361204833e-05;0.0004570649180095643
2026-04-13;0.0;0.0257448237389326;-7.284553080280922;112.75565625391995;feature_0;;1.7344775187666528e-05;0.0005334978341124952
2026-04-14;0.0;;-7.284553080280922;112.75565625391995;feature_0;;2.319775740033947e-05;0.0001649473560974002
2026-04-15;0.0;0.0270255040377378;-7.284553080280922;112.75565625391995;feature_0;;3.7799993151566014e-05;0.00013489785487763584
2026-04-16;0.0;0.0254168715327978;-7.284553080280922;112.75565625391995;feature_0;;2.1249566998449158e-05;-0.00023638081620447335
2026-04-17;0.0;0.0321920290589332;-7.284553080280922;112.75565625391995;feature_0;;1.872806024039164e-05;0.0007559845107607543
2026-04-18;0.0;0.0303553249686956;-7.284553080280922;112.75565625391995;feature_0;;7.125317642930895e-05;0.00017527003365103155
2026-04-19;0.0;0.030560603365302;-7.284553080280922;112.75565625391995;feature_0;;;
2026-04-20;0.0;;-7.284553080280922;112.75565625391995;feature_0;;3.349887629156001e-05;4.05387399950996e-05
2026-04-21;0.0;0.0335634090006351;-7.284553080280922;112.75565625391995;feature_0;;;
2026-04-22;;;;;;;;
2026-04-23;;;;;;;;
2026-04-24;0.0;;-7.284553080280922;112.75565625391995;feature_0;;;0.00019479742331895977
2026-04-25;0.0;0.0296966135501861;-7.284553080280922;112.75565625391995;feature_0;;1.936479020514525e-05;-8.258975867647678e-05
2026-04-26;0.0;0.0234116483479738;-7.284553080280922;112.75565625391995;feature_0;;2.4311722881975584e-05;-0.00010095911420648918
2026-04-27;;;;;;;;
2026-04-28;0.0;;-7.284553080280922;112.75565625391995;feature_0;;;-0.00011404461838537828
2026-04-29;;;;;;;;
2026-04-30;;;;;;;;
2026-05-01;0.0;0.0286232195794582;-7.284553080280922;112.75565625391995;feature_0;;;
2026-05-02;0.0;0.0239251498132944;-7.284553080280922;112.75565625391995;feature_0;;1.7405609469278716e-05;-0.000125337959616445
2026-05-03;0.0;0.0289253648370504;-7.284553080280922;112.75565625391995;feature_0;;3.279707379988395e-05;3.0956012778915465e-05
2026-05-04;0.0;;-7.284553080280922;112.75565625391995;feature_0;;4.30854270234704e-05;-4.488795457291417e-05
2026-05-05;0.0;0.0285404603928327;-7.284553080280922;112.75565625391995;feature_0;;2.503992618585471e-05;
2026-05-06;0.0;0.0277673136442899;-7.284553080280922;112.75565625391995;feature_0;;1.3826560461893678e-05;-7.209933755802922e-06
2026-05-07;0.0;0.0229042246937751;-7.284553080280922;112.75565625391995;feature_0;;2.9513432309613563e-05;-9.482658060733228e-05
2026-05-08;0.0;0.0254768542945384;-7.284553080280922;112.75565625391995;feature_0;1877.0545654296875;1.4585280041501392e-05;-9.409989434061572e-05
2026-05-09;0.0;;-7.284553080280922;112.75565625391995;feature_0;;4.424946746439673e-05;-7.314419053727761e-05
2026-05-10;0.0;0.0347788259387016;-7.284553080280922;112.75565625391995;feature_0;;1.853722642408684e-05;-6.920511623320635e-06
2026-05-11;0.0;0.0247327331453561;-7.284553080280922;112.75565625391995;feature_0;1916.9383544921875;1.6419719031546265e-05;1.3076473805995192e-05
2026-05-12;0.0;0.0215123072266578;-7.284553080280922;112.75565625391995;feature_0;1880.218505859375;2.8966138415853493e-05;0.00012605158553924412
2026-05-13;0.0;0.0285713244229555;-7.284553080280922;112.75565625391995;feature_0;;1.6376554413000122e-05;0.0005150456563569605
2026-05-14;0.0;;-7.284553080280922;112.75565625391995;feature_0;;3.152041244902648e-05;0.0005238946760073304
2026-05-15;0.0;0.0308446492999792;-7.284553080280922;112.75565625391995;feature_0;;5.1767299737548456e-05;-0.00019074005831498653
2026-05-16;;;;;;;;
2026-05-17;0.0;0.0264256484806537;-7.284553080280922;112.75565625391995;feature_0;;;
2026-05-18;0.0;0.0281163081526756;-7.284553080280922;112.75565625391995;feature_0;;;
2026-05-19;0.0;0.0317700132727623;-7.284553080280922;112.75565625391995;feature_0;;;
2026-05-20;;;;;;;;
2026-05-21;0.0;0.0266803186386823;-7.284553080280922;112.75565625391995;feature_0;;3.613290755311027e-05;-0.0002471755142323673
2026-05-22;0.0;0.0339333042502403;-7.284553080280922;112.75565625391995;feature_0;;6.815815140726045e-05;0.0008201529271900654
2026-05-23;0.0;0.0231615379452705;-7.284553080280922;112.75565625391995;feature_0;;3.646731784101576e-05;0.0004455938760656864
2026-05-24;0.0;0.0279546901583671;-7.284553080280922;112.75565625391995;feature_0;;8.1895079347305e-05;9.47531807469204e-05
2026-05-25;0.0;0.0335911326110363;-7.284553080280922;112.75565625391995;feature_0;;;
2026-05-26;0.0;0.0351927280426025;-7.284553080280922;112.75565625391995;feature_0;;7.130753510864452e-05;-3.4187502023996785e-05
2026-05-27;0.0;0.0283524002879858;-7.284553080280922;112.75565625391995;feature_0;;;
2026-05-28;0.0;0.0312165096402168;-7.284553080280922;112.75565625391995;feature_0;;7.477891631424427e-05;8.424500265391544e-05
2026-05-29;0.0;0.0384511090815067;-7.284553080280922;112.75565625391995;feature_0;;6.436345574911684e-05;6.388947804225609e-05
2026-05-30;;;;;;;;
2026-05-31;0.0;0.0293705575168132;-7.284553080280922;112.75565625391995;feature_0;;3.2933035981841385e-05;0.0002158035640604794
2026-06-01;0.0;0.0288586821407079;-7.284553080280922;112.75565625391995;feature_0;;3.093660416197963e-05;0.00044640738633461297
2026-06-02;0.0;0.0236550159752368;-7.284553080280922;112.75565625391995;feature_0;;2.1030742573202588e-05;-3.089837991865352e-05
2026-06-03;0.0;0.0324432030320167;-7.284553080280922;112.75565625391995;feature_0;;4.996923598810099e-05;9.20738239074126e-05
2026-06-04;0.0;0.0301080737262964;-7.284553080280922;112.75565625391995;feature_0;;5.907367085455917e-05;0.0004837278102058917
2026-06-05;0.0;0.0268806088715791;-7.284553080280922;112.75565625391995;feature_0;;2.550844510551542e-05;7.522328814957291e-05
2026-06-06;0.0;0.0280130710452795;-7.284553080280922;112.75565625391995;feature_0;1904.973876953125;2.410198976576794e-05;-0.00024049273633863777
2026-06-07;0.0;0.0274851378053426;-7.284553080280922;112.75565625391995;feature_0;1887.983642578125;3.560754703357816e-05;0.00011338735930621624
2026-06-08;0.0;0.0236786026507616;-7.284553080280922;112.75565625391995;feature_0;1905.94580078125;4.137567520956509e-05;-0.00013887431123293936
2026-06-09;0.0;0.0279433410614728;-7.284553080280922;112.75565625391995;feature_0;1887.0782470703125;4.692384027293883e-05;-0.00013925324310548604
2026-06-10;0.0;0.035276148468256;-7.284553080280922;112.75565625391995;feature_0;;5.847100692335516e-05;0.0004239619884174317
2026-06-11;0.0;0.0311238635331392;-7.284553080280922;112.75565625391995;feature_0;1921.2982177734373;4.396419899421744e-05;0.00030288693960756063
2026-06-12;;;;;;;;
2026-06-13;0.0;0.0228984449058771;-7.284553080280922;112.75565625391995;feature_0;;2.2288379113888368e-05;0.0005650907987728715
2026-06-14;0.0;0.0280462056398391;-7.284553080280922;112.75565625391995;feature_0;;2.2509200789500028e-05;0.00023181925644166768
2026-06-15;0.0;0.0249055605381727;-7.284553080280922;112.75565625391995;feature_0;;3.3032443752745166e-05;-0.0005315503221936524
2026-06-16;0.0;;-7.284553080280922;112.75565625391995;feature_0;;2.2308040570351292e-05;0.00011263737542321904
2026-06-17;0.0;0.0284677483141422;-7.284553080280922;112.75565625391995;feature_0;1911.049560546875;3.0911454814486206e-05;-4.916696070722537e-06
2026-06-18;0.0;0.0220419932156801;-7.284553080280922;112.75565625391995;feature_0;1904.4615478515625;3.946943252230994e-05;-1.0648185707395896e-05
2026-06-19;0.0;0.0301312338560819;-7.284553080280922;112.75565625391995;feature_0;1898.1104736328125;6.554032006533816e-05;-0.0002503851428627968
2026-06-20;0.0;;-7.284553080280922;112.75565625391995;feature_0;;3.171380012645386e-05;0.00044696469558402896
2026-06-21;0.0;;-7.284553080280922;112.75565625391995;feature_0;;1.471529685659334e-05;0.00021498335991054773
2026-06-22;0.0;0.0281168315559625;-7.284553080280922;112.75565625391995;feature_0;;3.657977140392177e-05;-0.00019901384075637907
2026-06-23;0.0;0.0310248304158449;-7.284553080280922;112.75565625391995;feature_0;;;-0.0001959895016625524
2026-06-24;0.0;0.0239586047828197;-7.284553080280922;112.75565625391995;feature_0;;1.5071525922394358e-05;-6.184931407915428e-06
2026-06-25;0.0;0.0248356871306896;-7.284553080280922;112.75565625391995;feature_0;;3.511816612444818e-05;1.3558023965742905e-05
2026-06-26;0.0;0.0278357435017824;-7.284553080280922;112.75565625391995;feature_0;;2.298414801771287e-05;-0.00082042021676898
2026-06-27;0.0;0.030836347490549;-7.284553080280922;112.75565625391995;feature_0;;2.691455665626563e-05;4.301985609345138e-05
2026-06-28;0.0;0.0276371799409389;-7.284553080280922;112.75565625391995;feature_0;1929.224609375;2.6007730411947705e-05;0.0001404006325174123
2026-06-29;0.0;0.0237267669290304;-7.284553080280922;112.75565625391995;feature_0;1915.1436767578125;3.383755392860621e-05;-8.151394285960123e-05
2026-06-30;0.0;0.0272062942385673;-7.284553080280922;112.75565625391995;feature_0;1921.1455078125;3.7584060919471085e-05;-0.0004041536885779351
2026-07-01;0.0;0.0272383466362953;-7.284553080280922;112.75565625391995;feature_0;;3.078378358623013e-05;-0.0005987429758533835
2026-07-02;0.0;0.0290097799152135;-7.284553080280922;112.75565625391995;feature_0;1899.5400390625;3.515392745612189e-05;-1.0109064533025958e-05
2026-07-03;0.0;0.0294305700808763;-7.284553080280922;112.75565625391995;feature_0;1912.2451171875;3.642690717242658e-05;0.00017015448247548193
2026-07-04;0.0;0.0201091710478067;-7.284553080280922;112.75565625391995;feature_0;1900.3349609375;1.213767973240465e-05;-0.0001126436109188944
2026-07-05;0.0;0.0252877995371818;-7.284553080280922;112.75565625391995;feature_0;1903.3118896484373;2.0205176042509265e-05;-0.0002536283864174038
2026-07-06;0.0;0.0331513881683349;-7.284553080280922;112.75565625391995;feature_0;1894.423583984375;3.109388489974663e-05;
2026-07-07;0.0;;-7.284553080280922;112.75565625391995;feature_0;;3.491813185974024e-05;0.00011775825987569988
2026-07-08;0.0;0.0351693928241729;-7.284553080280922;112.75565625391995;feature_0;;3.80190322175622e-05;0.00031630974262952805
2026-07-09;0.0;0.02960916608572;-7.284553080280922;112.75565625391995;feature_0;1925.122802734375;4.578589505399577e-05;-0.00015867284673731774
2026-07-10;0.0;0.0224975124001503;-7.284553080280922;112.75565625391995;feature_0;1905.432861328125;3.098558954661712e-05;0.0003626359102781862
2026-07-11;0.0;;-7.284553080280922;112.75565625391995;feature_0;;;8.73063036124222e-05
2026-07-12;0.0;0.031069703400135;-7.284553080280922;112.75565625391995;feature_0;;4.210559563944116e-05;-0.00013615470379590988
2026-07-13;0.0;0.0337573923170566;-7.284553080280922;112.75565625391995;feature_0;;1.65328001457965e-05;0.00012032543600071222
2026-07-14;0.0;0.0256303530186414;-7.284553080280922;112.75565625391995;feature_0;;3.4102191420970485e-05;2.801607843139209e-05
2026-07-15;0.0;0.0217555202543735;-7.284553080280922;112.75565625391995;feature_0;;2.575862890807912e-05;-0.00017186507466249168
2026-07-16;0.0;0.0260938666760921;-7.284553080280922;112.75565625391995;feature_0;;2.289547410327941e-05;-1.4507783816952724e-05
2026-07-17;0.0;0.0249266382306814;-7.284553080280922;112.75565625391995;feature_0;;1.5681711374782026e-05;0.0010671251220628
2026-07-18;0.0;0.0304533690214157;-7.284553080280922;112.75565625391995;feature_0;;3.0089986466919072e-05;-0.00010303902672603726
2026-07-19;0.0;0.0322998575866222;-7.284553080280922;112.75565625391995;feature_0;;2.378279714321252e-05;0.0004543194081634283
2026-07-20;0.0;0.0282939430326223;-7.284553080280922;112.75565625391995;feature_0;;3.0554387194570154e-05;6.769887113478035e-05
2026-07-21;0.0;0.0348458550870418;-7.284553080280922;112.75565625391995;feature_0;;3.3500007702969015e-05;-7.825570719433017e-06
2026-07-22;0.0;0.0368634387850761;-7.284553080280922;112.75565625391995;feature_0;;3.410333374631591e-05;-0.00010862100316444412
2026-07-23;0.0;;-7.284553080280922;112.75565625391995;feature_0;;6.044998008292168e-05;0.00020364491501823068
2026-07-24;0.0;0.0352992564439773;-7.284553080280922;112.75565625391995;feature_0;;3.722481051227078e-05;0.00010159335215575992
2026-07-25;0.0;0.0282392371445894;-7.284553080280922;112.75565625391995;feature_0;1916.717041015625;3.2519590604351833e-05;0.00032109758467413485
2026-07-26;0.0;0.0229825489223003;-7.284553080280922;112.75565625391995;feature_0;1908.204833984375;2.552203477534931e-05;7.040974742267281e-05
2026-07-27;;;;;;;;
2026-07-28;0.0;;-7.284553080280922;112.75565625391995;feature_0;;4.105973494006321e-05;0.0007178575033321977
2026-07-29;0.0;0.0327038466930389;-7.284553080280922;112.75565625391995;feature_0;;;-1.3663048775924835e-05
2026-07-30;0.0;;-7.284553080280922;112.75565625391995;feature_0;1921.719970703125;2.0294255591579716e-05;-4.551704478217289e-05
2026-07-31;0.0;0.028036706149578;-7.284553080280922;112.75565625391995;feature_0;1888.601806640625;2.587639210105408e-05;9.015864634420724e-05
2026-08-01;0.0;0.0302318781614303;-7.284553080280922;112.75565625391995;feature_0;1916.0308837890625;1.819676435843576e-05;-7.325603746721754e-06
2026-08-02;0.0;;-7.284553080280922;112.75565625391995;feature_0;;1.272791087103542e-05;-0.00019669020548462868
2026-08-03;0.0;0.0257493369281291;-7.284553080280922;112.75565625391995;feature_0;;1.6384885384468362e-05;1.7975735318032093e-05
2026-08-04;0.0;0.0348938889801502;-7.284553080280922;112.75565625391995;feature_0;;3.126258161501028e-05;-0.0005001817480660975
2026-08-05;0.0;0.0264655947685241;-7.284553080280922;112.75565625391995;feature_0;;1.501470342191169e-05;0.00035144088906236
2026-08-06;0.0;0.0236696228384971;-7.284553080280922;112.75565625391995;feature_0;;2.721359851420857e-05;-0.0003737631777767092
2026-08-07;0.0;0.0353228822350502;-7.284553080280922;112.75565625391995;feature_0;;1.974448059627321e-05;-0.0007357609574683011
2026-08-08;0.0;;-7.284553080280922;112.75565625391995;feature_0;;4.7019257181091234e-05;-7.520562940044329e-05
2026-08-09;0.0;0.0313974283635616;-7.284553080280922;112.75565625391995;feature_0;;3.554625436663628e-05;0.0001620634866412729
2026-08-10;0.0;0.040047537535429;-7.284553080280922;112.75565625391995;feature_0;;5.5581873311894014e-05;-3.798368197749369e-05
2026-08-11;0.0;0.0363344997167587;-7.284553080280922;112.75565625391995;feature_0;;3.158125400659628e-05;0.0003682656970340759
2026-08-12;0.0;0.0213160328567028;-7.284553080280922;112.75565625391995;feature_0;1870.041015625;1.257479380001314e-05;9.913593385135756e-05
2026-08-13;0.0;0.0291277877986431;-7.284553080280922;112.75565625391995;feature_0;;4.3271156755508855e-05;1.5201759197225329e-05
2026-08-14;0.0;0.0392015874385833;-7.284553080280922;112.75565625391995;feature_0;1887.98974609375;3.157518949592486e-05;3.235692929592915e-05
2026-08-15;0.0;;-7.284553080280922;112.75565625391995;feature_0;1882.351318359375;3.333968197694048e-05;0.0002362155937589705
2026-08-16;0.0;0.0288511924445629;-7.284553080280922;112.75565625391995;feature_0;1895.982177734375;2.4086939447443e-05;-0.00010274316446157172
2026-08-17;0.0;0.0267818253487348;-7.284553080280922;112.75565625391995;feature_0;1914.99951171875;1.7408952771802433e-05;2.973609844048042e-05
2026-08-18;0.0;;-7.284553080280922;112.75565625391995;feature_0;;1.8244541934109293e-05;0.00015650634304620326
2026-08-19;0.0;0.0291688777506351;-7.284553080280922;112.75565625391995;feature_0;1870.6334228515625;1.3664981452166105e-05;-5.772863460151712e-06
2026-08-20;0.0;;-7.284553080280922;112.75565625391995;feature_0;1910.5537109375;2.2429730961448516e-05;0.0004334998084232211
2026-08-21;0.0;0.0263374913483858;-7.284553080280922;112.75565625391995;feature_0;1907.311767578125;2.063534157059621e-05;-0.0001507446722825989
2026-08-22;0.0;0.0284318178892135;-7.284553080280922;112.75565625391995;feature_0;1905.2926025390625;1.9013392375200056e-05;0.00026373573928140104
2026-08-23;0.0;;-7.284553080280922;112.75565625391995;feature_0;;2.3227779820444997e-05;4.842963971896097e-05
